yas,aylik_gelir,abonelik_suresi_ay,destek_talebi_sayisi,sehir,uyelik_tipi,aylik_ucret,son_giris_gun_once,otomatik_odeme,churn
38,113500,46,2,İzmir,Premium,699,4,Evet,0
35,98500,40,0,İzmir,Basic,199,21,Evet,0
36,66000,68,3,Antalya,Basic,199,17,Evet,1
64,76500,37,2,Edirne,Basic,299,4,Evet,0
42,113500,39,3,İzmir,Standard,399,6,Hayır,0
38,84000,34,1,Bursa,Basic,249,2,Evet,0
31,28500,31,0,Edirne,Premium,749,1,Evet,0
67,43000,25,1,İstanbul,Premium,749,4,Evet,0
46,68000,36,2,Ankara,Premium,749,5,Evet,0
69,,35,1,İstanbul,Premium,749,1,Hayır,0
67,95500,28,0,İstanbul,Basic,199,5,Evet,0
52,24500,17,0,İstanbul,Standard,449,8,Evet,0
35,32000,42,3,Bursa,Standard,449,34,Evet,1
42,21500,21,1,Ankara,Basic,349,0,Evet,0
49,49500,47,1,İzmir,Premium,749,14,Evet,0
49,80500,12,0,İzmir,Basic,349,20,Evet,1
30,104500,9,4,Antalya,Premium,799,1,Evet,0
22,90000,60,1,Edirne,Premium,749,21,Evet,1
31,39500,65,1,İstanbul,Basic,299,6,Evet,0
23,54500,53,2,Edirne,Basic,249,3,Hayır,1
34,58000,20,4,Bursa,Standard,449,8,Evet,1
68,105000,48,2,Ankara,Premium,799,,Hayır,1
40,110000,56,0,Edirne,Basic,249,6,Hayır,0
63,85000,35,2,İzmir,Basic,349,16,Evet,1
64,36000,42,1,Antalya,Premium,749,9,Evet,0
22,47000,40,1,İzmir,Basic,349,6,Evet,0
22,49000,18,0,Antalya,Basic,299,2,Evet,0
39,95500,24,0,Bursa,Basic,299,14,Evet,0
61,,12,0,Ankara,Standard,549,,Hayır,0
59,98000,29,0,İzmir,Premium,799,7,Evet,0
44,96500,55,1,İstanbul,Standard,499,10,Evet,0
27,38000,6,2,Bursa,Basic,249,11,Evet,1
67,101000,31,0,Ankara,Basic,349,13,Evet,0
62,81000,46,2,Bursa,Standard,449,14,Evet,0
64,72500,61,0,İstanbul,Premium,799,4,Evet,0
39,88500,37,3,İzmir,Basic,349,0,Evet,0
33,78000,25,2,İstanbul,Basic,249,0,Hayır,1
46,100000,59,0,İzmir,Standard,449,20,Evet,0
65,113000,43,0,Ankara,Basic,349,2,Evet,0
52,41500,25,1,İstanbul,Standard,499,3,Evet,0
25,,46,0,İzmir,Basic,249,1,Evet,0
55,71500,17,1,Edirne,Basic,249,0,Evet,1
24,46000,17,2,Ankara,Standard,499,20,Hayır,1
68,104500,9,3,Edirne,Standard,449,28,Evet,1
52,23500,45,0,İzmir,Basic,249,12,Hayır,1
19,78000,20,0,İstanbul,Standard,449,15,Evet,0
52,36000,44,3,Bursa,Basic,349,14,Evet,1
27,48500,11,2,İstanbul,Standard,449,13,Evet,1
66,38500,67,1,Ankara,Standard,549,7,Hayır,1
64,30000,6,1,Antalya,Premium,849,11,Evet,0
61,68500,36,0,İzmir,Standard,449,2,Evet,1
24,81000,59,0,Bursa,Basic,349,2,Evet,1
36,34500,10,1,Edirne,Standard,449,9,Hayır,1
31,100000,15,0,Ankara,Standard,449,1,Hayır,0
19,107000,55,2,Ankara,Standard,499,1,Evet,0
34,34000,67,2,İzmir,Standard,499,1,Hayır,0
38,31500,37,1,Bursa,Basic,199,4,Evet,0
53,43000,28,0,Edirne,Basic,299,22,Evet,1
47,34000,63,3,Bursa,Basic,249,6,Hayır,0
39,116000,59,2,İstanbul,Standard,399,8,Evet,0
56,85500,53,4,Ankara,Basic,299,4,Hayır,0
44,76500,70,3,Ankara,Basic,249,4,Hayır,1
20,51500,47,5,İzmir,Basic,249,14,Evet,1
31,83500,23,0,İzmir,Premium,749,4,Hayır,0
59,39500,18,1,İstanbul,Standard,449,3,Evet,0
25,101000,4,2,İstanbul,Premium,749,3,Evet,1
55,74500,41,1,İstanbul,Basic,299,8,Evet,0
33,25000,20,0,İstanbul,Standard,499,12,Evet,1
55,99500,58,0,İstanbul,Basic,299,5,Hayır,0
41,61000,66,1,İzmir,Basic,249,12,Evet,0
54,45000,48,2,,Basic,199,1,Evet,0
55,94000,48,2,Ankara,Basic,249,5,Evet,0
57,65000,30,1,İzmir,Standard,399,17,Evet,0
28,102000,46,2,İzmir,Basic,349,9,Evet,1
27,100000,26,1,Ankara,Premium,749,9,Evet,0
49,76500,56,3,Bursa,Standard,499,5,Evet,0
40,56500,3,0,İstanbul,Basic,349,4,Evet,0
27,102000,11,2,Antalya,Standard,399,1,Hayır,0
22,75000,16,1,,Standard,449,12,Evet,1
38,97000,31,3,İstanbul,Premium,699,14,Evet,0
33,42000,19,3,İstanbul,Basic,349,8,Evet,0
56,48500,20,2,Ankara,Standard,449,1,Hayır,0
55,22000,13,1,İzmir,Standard,449,8,Evet,0
47,118500,67,0,İzmir,Standard,449,1,Evet,0
29,,51,0,Ankara,Standard,399,0,Evet,0
45,62000,24,2,Antalya,Basic,199,5,Evet,1
25,27000,56,1,İstanbul,Standard,549,1,Evet,0
41,101500,44,2,Ankara,Premium,749,1,Hayır,0
69,88500,30,0,Ankara,Basic,249,,Evet,0
21,95000,36,2,İstanbul,Premium,749,5,Evet,0
68,105000,3,0,İstanbul,Standard,499,2,Evet,0
18,66500,57,0,Antalya,Standard,449,14,Evet,0
69,111500,6,0,İstanbul,Basic,299,3,Hayır,0
62,99500,52,1,İstanbul,Basic,299,6,Evet,0
70,68000,32,0,Bursa,Standard,499,16,Hayır,1
38,82500,36,2,İzmir,Standard,499,5,Evet,0
35,56000,59,4,Antalya,Basic,249,6,Evet,1
37,31000,69,3,İzmir,Standard,449,4,Evet,0
46,78000,35,1,İzmir,Basic,249,14,Evet,1
34,20000,34,2,İstanbul,Premium,749,7,Evet,1
50,75000,11,2,İstanbul,Standard,499,5,Evet,1
33,57500,56,3,İstanbul,Premium,749,3,Hayır,1
69,87500,61,2,Antalya,Standard,449,10,Hayır,0
55,71000,54,1,Ankara,Basic,249,5,Hayır,0
61,81500,51,1,İstanbul,Standard,449,10,Hayır,0
40,107500,62,1,Antalya,Basic,249,4,Evet,0
33,21000,36,4,Bursa,Premium,749,12,Evet,1
28,44500,17,2,İstanbul,Basic,349,3,Hayır,1
39,67000,34,3,İzmir,Basic,249,7,Evet,1
56,59500,40,0,Bursa,Premium,749,15,Hayır,0
46,90500,51,3,İzmir,Standard,449,2,Evet,0
33,69500,7,1,İzmir,Standard,449,12,Evet,1
47,39000,13,0,Antalya,Standard,449,,Evet,0
28,119000,37,0,Antalya,Premium,749,16,Hayır,1
52,109500,30,2,İzmir,Premium,799,16,Evet,1
50,108500,42,0,Ankara,Premium,749,7,Hayır,0
63,28500,68,2,İzmir,Basic,249,4,Evet,0
64,51500,43,1,Antalya,Standard,449,6,Hayır,1
35,78500,15,0,Edirne,Basic,199,16,Evet,0
37,114000,4,1,Ankara,Basic,249,3,Evet,1
69,21000,47,0,İzmir,Premium,749,21,Evet,1
68,66500,24,1,Antalya,Basic,249,15,Evet,0
69,83000,72,0,İstanbul,Premium,749,13,Evet,1
42,35000,72,0,Ankara,Basic,299,6,Hayır,0
50,109500,60,2,Ankara,Basic,249,7,Hayır,0
39,30000,65,0,İstanbul,Basic,299,4,Hayır,0
69,76500,26,0,Ankara,Basic,249,4,Hayır,1
38,60500,28,0,Ankara,Standard,449,4,Evet,0
27,37500,10,3,İzmir,Basic,199,2,Evet,1
37,117500,4,1,Edirne,Basic,199,14,Evet,1
69,28000,58,1,İzmir,Premium,749,3,Hayır,1
33,34500,6,0,Edirne,Premium,799,1,Evet,0
25,37500,69,0,İstanbul,Basic,349,6,Evet,0
20,69000,68,2,İstanbul,Basic,249,29,Evet,1
21,28500,2,1,Edirne,Standard,549,1,Hayır,1
46,70000,38,4,Bursa,Premium,749,3,Evet,0
36,119500,56,2,Ankara,Basic,199,4,Evet,0
31,26000,20,3,Ankara,Basic,249,4,Evet,1
28,116000,57,3,İstanbul,Premium,699,13,Evet,0
47,35000,47,1,İstanbul,Basic,249,24,Evet,1
30,92500,22,1,Bursa,Standard,449,5,Evet,0
26,99000,13,1,İzmir,Premium,799,12,Evet,0
22,90500,3,0,Ankara,Standard,449,9,Evet,0
65,66500,46,0,Antalya,Standard,449,1,Evet,0
50,95000,16,1,İstanbul,Premium,799,8,Evet,0
67,85000,58,0,İstanbul,Basic,299,23,Evet,0
55,87500,60,2,İstanbul,Standard,499,1,Evet,0
20,36500,20,2,İstanbul,Standard,549,1,Evet,1
41,100500,57,1,Ankara,Premium,749,8,Evet,0
36,42000,54,3,İzmir,Standard,449,22,Evet,1
47,37500,11,2,İzmir,Basic,349,2,Hayır,1
60,42000,38,0,Antalya,Premium,699,16,Evet,0
41,34500,36,0,Ankara,Standard,549,12,Hayır,1
64,101500,22,0,İstanbul,Basic,249,,Hayır,1
19,68000,5,1,Bursa,Basic,249,1,Evet,1
27,113500,1,3,Antalya,Basic,249,0,Hayır,1
60,49500,48,0,Bursa,Premium,749,5,Evet,0
34,74500,48,1,Edirne,Basic,349,4,Evet,0
60,76000,21,4,Ankara,Standard,399,1,Hayır,1
27,71000,48,0,İstanbul,Basic,349,1,Evet,0
45,37500,23,0,Bursa,Basic,299,3,Evet,0
49,94000,32,5,İstanbul,Basic,249,0,Hayır,1
67,83000,30,0,Antalya,Basic,249,1,Evet,0
41,,16,2,Edirne,Basic,249,3,Evet,0
22,25500,40,0,Bursa,Basic,249,7,Evet,0
46,61500,49,0,İstanbul,Basic,249,19,Hayır,0
23,80500,65,1,İzmir,Premium,749,18,Evet,1
60,41000,38,4,Edirne,Premium,799,16,Hayır,1
60,76500,7,4,Bursa,Premium,849,0,Hayır,1
18,63000,18,1,İstanbul,Premium,799,1,Evet,0
57,106500,25,3,,Standard,399,22,Evet,1
26,31000,41,2,Edirne,Premium,749,0,Evet,0
24,82500,59,0,Bursa,Basic,299,7,Evet,0
57,47500,21,0,Bursa,Basic,249,6,Hayır,1
51,96500,15,0,Ankara,Basic,349,2,Evet,1
33,25000,14,0,Edirne,Standard,449,13,Hayır,1
32,55500,37,1,Ankara,Standard,549,2,Evet,0
49,119000,71,3,Ankara,Standard,399,11,Evet,0
47,88500,58,0,İstanbul,Standard,449,19,Hayır,1
62,70000,19,1,İstanbul,Basic,249,8,Evet,1
35,41000,57,2,Edirne,Standard,499,10,Evet,0
18,28500,71,0,Bursa,Standard,449,4,Hayır,1
60,99500,43,1,İzmir,Standard,549,17,Hayır,0
33,115000,47,2,İstanbul,Premium,849,12,Evet,0
38,89000,69,2,Ankara,Premium,699,31,Hayır,1
58,118000,36,0,Bursa,Premium,849,6,Hayır,0
20,109000,67,1,Bursa,Basic,249,1,Hayır,0
68,55000,68,2,Edirne,Standard,449,1,Evet,0
66,60000,72,0,,Premium,849,5,Evet,0
34,67500,64,0,İstanbul,Standard,449,2,Evet,0
41,85500,43,0,İzmir,Premium,699,2,Hayır,0
23,84000,50,1,İstanbul,Standard,449,1,Hayır,0
34,93500,27,1,İzmir,Standard,449,4,Evet,0
57,105500,64,1,İzmir,Basic,199,5,Evet,0
47,72500,42,0,Ankara,Standard,499,4,Evet,0
25,55500,9,3,İstanbul,Standard,549,9,Evet,1
37,87500,2,0,Ankara,Basic,249,3,Hayır,1
56,91000,21,2,Bursa,Standard,449,0,Evet,0
34,119000,5,2,İstanbul,Premium,849,3,Evet,1
43,59500,59,1,Antalya,Basic,249,1,Evet,0
